,0,1,2,3,4,label
0,1.8337224316781864,2.069534186955688,1.5798547505342686,1.3300400377494492,0.964659403147472,0.0
1,2.069534186955688,1.5798547505342686,1.3300400377494492,0.964659403147472,0.5872193609152232,0.0
2,1.5798547505342686,1.3300400377494492,0.964659403147472,0.5872193609152232,0.3699932179210119,0.0
3,1.3300400377494492,0.964659403147472,0.5872193609152232,0.3699932179210119,0.5711111192003937,0.0
4,0.964659403147472,0.5872193609152232,0.3699932179210119,0.5711111192003937,0.8968252311545966,0.0
5,0.5872193609152232,0.3699932179210119,0.5711111192003937,0.8968252311545966,1.4699184305167368,0.0
6,0.5711111192003937,0.8968252311545966,1.4699184305167368,1.6674990473132922,1.548361252761108,0.0
7,0.5711111192003937,0.8968252311545966,1.4699184305167368,1.6674990473132922,1.548361252761108,0.0
8,0.8968252311545966,1.4699184305167368,1.6674990473132922,1.548361252761108,0.917004832454662,0.0
9,1.4699184305167368,1.6674990473132922,1.548361252761108,0.917004832454662,0.7922055426049157,0.0
10,1.4699184305167368,1.6674990473132922,1.548361252761108,0.917004832454662,0.7922055426049157,0.0
11,1.548361252761108,0.917004832454662,0.7922055426049157,1.128139479357202,1.112909608378474,0.0
12,0.917004832454662,0.7922055426049157,1.128139479357202,1.112909608378474,0.7559068405906633,0.0
13,1.128139479357202,1.112909608378474,0.7559068405906633,0.4223530835730704,0.2881479820674171,0.0
14,1.112909608378474,0.7559068405906633,0.4223530835730704,0.2881479820674171,0.2970075694719387,0.0
15,0.7559068405906633,0.4223530835730704,0.2881479820674171,0.2970075694719387,0.2244059544484722,0.0
16,0.4223530835730704,0.2881479820674171,0.2970075694719387,0.2244059544484722,0.2958493152570485,0.0
17,0.2881479820674171,0.2970075694719387,0.2244059544484722,0.2958493152570485,0.6593522433659604,0.0
18,0.2881479820674171,0.2970075694719387,0.2244059544484722,0.2958493152570485,0.6593522433659604,0.0
19,0.2970075694719387,0.2244059544484722,0.2958493152570485,0.6593522433659604,0.9700400947697884,0.0
20,0.2244059544484722,0.2958493152570485,0.6593522433659604,0.9700400947697884,1.2624995149668816,0.0
21,0.6593522433659604,0.9700400947697884,1.2624995149668816,1.4317858966540653,1.4451065216875358,0.0
22,0.6593522433659604,0.9700400947697884,1.2624995149668816,1.4317858966540653,1.4451065216875358,0.0
23,0.9700400947697884,1.2624995149668816,1.4317858966540653,1.4451065216875358,1.795966887415288,0.0
24,1.2624995149668816,1.4317858966540653,1.4451065216875358,1.795966887415288,1.7106106402119714,0.0
25,1.4317858966540653,1.4451065216875358,1.795966887415288,1.7106106402119714,1.810326814259157,0.0
26,1.4451065216875358,1.795966887415288,1.7106106402119714,1.810326814259157,1.8388940702493264,0.0
27,1.795966887415288,1.7106106402119714,1.810326814259157,1.8388940702493264,2.3141881569540024,0.0
28,1.7106106402119714,1.810326814259157,1.8388940702493264,2.3141881569540024,2.209496010423062,0.0
29,1.810326814259157,1.8388940702493264,2.3141881569540024,2.209496010423062,1.959668448226908,0.0
30,1.8388940702493264,2.3141881569540024,2.209496010423062,1.959668448226908,1.1479517417356266,0.0
31,2.3141881569540024,2.209496010423062,1.959668448226908,1.1479517417356266,0.5201340511533958,0.0
32,2.209496010423062,1.959668448226908,1.1479517417356266,0.5201340511533958,0.426960014283444,0.0
33,1.959668448226908,1.1479517417356266,0.5201340511533958,0.426960014283444,0.5721816453022388,0.0
34,1.1479517417356266,0.5201340511533958,0.426960014283444,0.5721816453022388,0.9765033536676349,0.0
35,0.5201340511533958,0.426960014283444,0.5721816453022388,0.9765033536676349,1.1313570581777954,0.0
36,0.426960014283444,0.5721816453022388,0.9765033536676349,1.1313570581777954,1.1215581581187894,0.0
37,0.5721816453022388,0.9765033536676349,1.1313570581777954,1.1215581581187894,0.811141990338462,0.0
38,0.9765033536676349,1.1313570581777954,1.1215581581187894,0.811141990338462,0.5117096783097219,0.0
39,1.1313570581777954,1.1215581581187894,0.811141990338462,0.5117096783097219,0.2432933475127008,0.0
40,1.1215581581187894,0.811141990338462,0.5117096783097219,0.2432933475127008,0.4125104704445848,0.0
41,0.811141990338462,0.5117096783097219,0.2432933475127008,0.4125104704445848,0.3550764962214714,0.0
42,0.811141990338462,0.5117096783097219,0.2432933475127008,0.4125104704445848,0.3550764962214714,0.0
43,0.5117096783097219,0.2432933475127008,0.4125104704445848,0.3550764962214714,0.6429914297035433,0.0
44,0.2432933475127008,0.4125104704445848,0.3550764962214714,0.6429914297035433,1.1104519394532408,0.0
45,0.4125104704445848,0.3550764962214714,0.6429914297035433,1.1104519394532408,1.1230710327758286,0.0
46,0.6429914297035433,1.1104519394532408,1.1230710327758286,1.549635067475328,1.66354979087608,0.0
47,1.1104519394532408,1.1230710327758286,1.549635067475328,1.66354979087608,1.4954048523595231,0.0
48,1.1230710327758286,1.549635067475328,1.66354979087608,1.4954048523595231,1.0674745368290717,0.0
49,1.66354979087608,1.4954048523595231,1.0674745368290717,0.5916266259841185,0.1848635740611115,0.0
50,1.4954048523595231,1.0674745368290717,0.5916266259841185,0.1848635740611115,0.2799907833886994,0.0
51,1.0674745368290717,0.5916266259841185,0.1848635740611115,0.2799907833886994,0.7211697455874955,0.0
52,0.5916266259841185,0.1848635740611115,0.2799907833886994,0.7211697455874955,0.8807539559897837,0.0
53,0.1848635740611115,0.2799907833886994,0.7211697455874955,0.8807539559897837,0.7703292835465891,1.0
54,0.2799907833886994,0.7211697455874955,0.8807539559897837,0.7703292835465891,0.6709160794387081,1.0
55,0.7211697455874955,0.8807539559897837,0.7703292835465891,0.6709160794387081,0.690333342128171,0.0
56,0.8807539559897837,0.7703292835465891,0.6709160794387081,0.690333342128171,0.9613890840596406,0.0
57,0.7703292835465891,0.6709160794387081,0.690333342128171,0.9613890840596406,0.9456597533545664,0.0
58,0.6709160794387081,0.690333342128171,0.9613890840596406,0.9456597533545664,1.1201270315869571,0.0
59,0.6709160794387081,0.690333342128171,0.9613890840596406,0.9456597533545664,1.1201270315869571,0.0
60,0.690333342128171,0.9613890840596406,0.9456597533545664,1.1201270315869571,1.1138590223102751,0.0
61,0.9613890840596406,0.9456597533545664,1.1201270315869571,1.1138590223102751,0.6540322065622783,0.0
62,0.9613890840596406,0.9456597533545664,1.1201270315869571,1.1138590223102751,0.6540322065622783,0.0
63,0.9456597533545664,1.1201270315869571,1.1138590223102751,0.6540322065622783,0.9520780666848294,0.0
64,1.1201270315869571,1.1138590223102751,0.6540322065622783,0.9520780666848294,1.3189880099614504,0.0
65,1.1138590223102751,0.6540322065622783,0.9520780666848294,1.3189880099614504,0.93068139838699,0.0
66,0.9520780666848294,1.3189880099614504,0.93068139838699,1.0935376141286124,1.4904799572707406,0.0
67,1.3189880099614504,0.93068139838699,1.0935376141286124,1.4904799572707406,1.317149400059452,0.0
68,0.93068139838699,1.0935376141286124,1.4904799572707406,1.317149400059452,0.9716915419971616,0.0
69,1.4904799572707406,1.317149400059452,0.9716915419971616,0.9326210104043042,0.6924174846964748,0.0
70,0.9716915419971616,0.9326210104043042,0.6924174846964748,0.129775809385273,0.0429428201193848,0.0
71,0.9326210104043042,0.6924174846964748,0.129775809385273,0.0429428201193848,0.4900116429029566,0.0
72,0.9326210104043042,0.6924174846964748,0.129775809385273,0.0429428201193848,0.4900116429029566,0.0
73,0.6924174846964748,0.129775809385273,0.0429428201193848,0.4900116429029566,0.9632833628909676,0.0
74,0.129775809385273,0.0429428201193848,0.4900116429029566,0.9632833628909676,1.314126914377467,0.0
75,0.0429428201193848,0.4900116429029566,0.9632833628909676,1.314126914377467,1.249273448604118,0.0
76,0.0429428201193848,0.4900116429029566,0.9632833628909676,1.314126914377467,1.249273448604118,0.0
77,0.4900116429029566,0.9632833628909676,1.314126914377467,1.249273448604118,0.8216413136748901,0.0
78,0.9632833628909676,1.314126914377467,1.249273448604118,0.8216413136748901,0.4236440623112614,0.0
79,1.314126914377467,1.249273448604118,0.8216413136748901,0.4236440623112614,0.7697930463669111,0.0
80,1.249273448604118,0.8216413136748901,0.4236440623112614,0.7697930463669111,0.5796311704867652,0.0
81,0.4236440623112614,0.7697930463669111,0.5796311704867652,0.2653351714352547,0.1592710329171476,1.0
82,0.5796311704867652,0.2653351714352547,0.1592710329171476,0.2202841101130959,0.1090327763801513,1.0
83,0.2653351714352547,0.1592710329171476,0.2202841101130959,0.1090327763801513,0.2007309877589502,1.0
84,0.1592710329171476,0.2202841101130959,0.1090327763801513,0.2007309877589502,0.3675563387345537,1.0
85,0.2202841101130959,0.1090327763801513,0.2007309877589502,0.3675563387345537,0.5148805110791876,1.0
86,0.1090327763801513,0.2007309877589502,0.3675563387345537,0.5148805110791876,0.7089590241610999,1.0
87,0.2007309877589502,0.3675563387345537,0.5148805110791876,0.7089590241610999,0.8495318322195411,1.0
88,0.2007309877589502,0.3675563387345537,0.5148805110791876,0.7089590241610999,0.8495318322195411,1.0
89,0.3675563387345537,0.5148805110791876,0.7089590241610999,0.8495318322195411,0.971769304573944,1.0
90,0.5148805110791876,0.7089590241610999,0.8495318322195411,0.971769304573944,0.833695987497749,0.0
91,0.5148805110791876,0.7089590241610999,0.8495318322195411,0.971769304573944,0.833695987497749,0.0
92,0.7089590241610999,0.8495318322195411,0.971769304573944,0.833695987497749,0.4817069115933936,0.0
93,0.8495318322195411,0.971769304573944,0.833695987497749,0.4817069115933936,0.9990825439429418,0.0
94,0.971769304573944,0.833695987497749,0.4817069115933936,0.9990825439429418,1.168004487923162,0.0
95,0.971769304573944,0.833695987497749,0.4817069115933936,0.9990825439429418,1.168004487923162,0.0
96,0.4817069115933936,0.9990825439429418,1.168004487923162,1.4322798562427377,1.2185383585347995,0.0
97,0.9990825439429418,1.168004487923162,1.4322798562427377,1.2185383585347995,1.2901238759391065,0.0
98,1.168004487923162,1.4322798562427377,1.2185383585347995,1.2901238759391065,0.9030440179955468,0.0
99,1.4322798562427377,1.2185383585347995,1.2901238759391065,0.9030440179955468,0.8999319228848401,0.0
100,1.2185383585347995,1.2901238759391065,0.9030440179955468,0.8999319228848401,1.1261521788366655,0.0
101,1.2901238759391065,0.9030440179955468,0.8999319228848401,1.1261521788366655,1.4094562411101608,0.0
102,0.9030440179955468,0.8999319228848401,1.1261521788366655,1.4094562411101608,1.204941608919592,0.0
103,0.8999319228848401,1.1261521788366655,1.4094562411101608,1.204941608919592,0.9752968968538056,0.0
104,1.1261521788366655,1.4094562411101608,1.204941608919592,0.9752968968538056,0.5390760353493151,0.0
105,1.4094562411101608,1.204941608919592,0.9752968968538056,0.5390760353493151,0.3004214026444751,0.0
106,1.204941608919592,0.9752968968538056,0.5390760353493151,0.3004214026444751,0.3512165449571425,0.0
107,0.9752968968538056,0.5390760353493151,0.3004214026444751,0.3512165449571425,0.6862576747104931,1.0
108,0.5390760353493151,0.3004214026444751,0.3512165449571425,0.6862576747104931,0.9098753793785176,0.0
109,0.3004214026444751,0.3512165449571425,0.6862576747104931,0.9098753793785176,0.726962173523038,0.0
110,0.3512165449571425,0.6862576747104931,0.9098753793785176,0.726962173523038,0.9787703105026768,0.0
111,0.6862576747104931,0.9098753793785176,0.726962173523038,0.9787703105026768,1.5745451847975511,0.0
112,0.9098753793785176,0.726962173523038,0.9787703105026768,1.5745451847975511,1.6668152518087442,0.0
113,0.726962173523038,0.9787703105026768,1.5745451847975511,1.6668152518087442,1.5476167258994789,0.0
114,0.9787703105026768,1.5745451847975511,1.6668152518087442,1.5476167258994789,1.037632648870206,0.0
115,1.5745451847975511,1.6668152518087442,1.5476167258994789,1.037632648870206,0.9594688040671828,0.0
116,1.6668152518087442,1.5476167258994789,1.037632648870206,0.9594688040671828,0.7609734778628274,0.0
117,1.037632648870206,0.9594688040671828,0.7609734778628274,0.08402347824219,0.0841881501827623,0.0
118,0.9594688040671828,0.7609734778628274,0.08402347824219,0.0841881501827623,0.8335658346151442,0.0
119,0.08402347824219,0.0841881501827623,0.8335658346151442,1.0480868240011398,0.6012726192184292,0.0
120,0.0841881501827623,0.8335658346151442,1.0480868240011398,0.6012726192184292,0.0842144149704138,0.0
121,0.8335658346151442,1.0480868240011398,0.6012726192184292,0.0842144149704138,0.3678432822034638,0.0
122,0.8335658346151442,1.0480868240011398,0.6012726192184292,0.0842144149704138,0.3678432822034638,0.0
123,0.6012726192184292,0.0842144149704138,0.3678432822034638,0.7376958121903865,0.736129406040047,0.0
124,0.0842144149704138,0.3678432822034638,0.7376958121903865,0.736129406040047,0.5369722568886015,0.0
125,0.3678432822034638,0.7376958121903865,0.736129406040047,0.5369722568886015,0.5970015964283037,0.0
126,0.3678432822034638,0.7376958121903865,0.736129406040047,0.5369722568886015,0.5970015964283037,0.0
127,0.7376958121903865,0.736129406040047,0.5369722568886015,0.5970015964283037,0.7776927532804745,0.0
128,0.736129406040047,0.5369722568886015,0.5970015964283037,0.7776927532804745,1.068307298835136,0.0
129,0.5369722568886015,0.5970015964283037,0.7776927532804745,1.068307298835136,1.2175184054738697,0.0
130,0.5970015964283037,0.7776927532804745,1.068307298835136,1.2175184054738697,0.8678859311710374,0.0
131,0.7776927532804745,1.068307298835136,1.2175184054738697,0.8678859311710374,0.4457163438259659,0.0
132,1.068307298835136,1.2175184054738697,0.8678859311710374,0.4457163438259659,0.5809659899123831,0.0
133,1.2175184054738697,0.8678859311710374,0.4457163438259659,0.5809659899123831,0.9641229427298104,0.0
134,0.8678859311710374,0.4457163438259659,0.5809659899123831,0.9641229427298104,1.0702047900654943,0.0
135,0.4457163438259659,0.5809659899123831,0.9641229427298104,1.0702047900654943,1.1392777074697102,0.0
136,0.4457163438259659,0.5809659899123831,0.9641229427298104,1.0702047900654943,1.1392777074697102,0.0
137,0.5809659899123831,0.9641229427298104,1.0702047900654943,1.1392777074697102,1.48587945959191,0.0
138,0.9641229427298104,1.0702047900654943,1.1392777074697102,1.48587945959191,1.5003451534445889,0.0
139,1.0702047900654943,1.1392777074697102,1.48587945959191,1.5003451534445889,1.3156164026277797,0.0
140,1.48587945959191,1.5003451534445889,1.3156164026277797,1.10873047367694,1.058070349511815,0.0
141,1.5003451534445889,1.3156164026277797,1.10873047367694,1.058070349511815,1.125586026202785,0.0
142,1.3156164026277797,1.10873047367694,1.058070349511815,1.125586026202785,0.9417745249768484,0.0
143,1.10873047367694,1.058070349511815,1.125586026202785,0.9417745249768484,0.840657219361427,0.0
144,1.058070349511815,1.125586026202785,0.9417745249768484,0.840657219361427,1.0018843252508969,0.0
145,1.058070349511815,1.125586026202785,0.9417745249768484,0.840657219361427,1.0018843252508969,0.0
146,1.125586026202785,0.9417745249768484,0.840657219361427,1.0018843252508969,1.5047461423782016,0.0
147,0.9417745249768484,0.840657219361427,1.0018843252508969,1.5047461423782016,1.851909425176124,0.0
148,0.840657219361427,1.0018843252508969,1.5047461423782016,1.851909425176124,1.6969673522175155,0.0
149,1.0018843252508969,1.5047461423782016,1.851909425176124,1.6969673522175155,1.3429713041531066,0.0
150,1.5047461423782016,1.851909425176124,1.6969673522175155,1.3429713041531066,1.0255104437328333,0.0
151,1.851909425176124,1.6969673522175155,1.3429713041531066,1.0255104437328333,1.2431513471487277,0.0
152,1.6969673522175155,1.3429713041531066,1.0255104437328333,1.2431513471487277,1.4150107264350398,0.0
153,1.3429713041531066,1.0255104437328333,1.2431513471487277,1.4150107264350398,1.667947038469313,0.0
154,1.0255104437328333,1.2431513471487277,1.4150107264350398,1.667947038469313,1.4763873568087105,0.0
155,1.2431513471487277,1.4150107264350398,1.667947038469313,1.4763873568087105,1.3282002122388636,0.0
156,1.4150107264350398,1.667947038469313,1.4763873568087105,1.3282002122388636,1.1709443209344572,0.0
157,1.667947038469313,1.4763873568087105,1.3282002122388636,1.1709443209344572,1.139774031024463,0.0
158,1.4763873568087105,1.3282002122388636,1.1709443209344572,1.139774031024463,1.075014820976543,0.0
159,1.3282002122388636,1.1709443209344572,1.139774031024463,1.075014820976543,0.7820090609331354,0.0
160,1.1709443209344572,1.139774031024463,1.075014820976543,0.7820090609331354,0.508058309021906,0.0
161,0.7820090609331354,0.508058309021906,0.1097181321912765,0.1087332517792116,0.1261247627616013,0.0
162,0.508058309021906,0.1097181321912765,0.1087332517792116,0.1261247627616013,0.1595224865343203,0.0
163,0.1097181321912765,0.1087332517792116,0.1261247627616013,0.1595224865343203,0.4303192690792112,1.0
164,0.1087332517792116,0.1261247627616013,0.1595224865343203,0.4303192690792112,0.7126099919751283,0.0
165,0.1261247627616013,0.1595224865343203,0.4303192690792112,0.7126099919751283,0.4299756208829919,0.0
166,0.1595224865343203,0.4303192690792112,0.7126099919751283,0.4299756208829919,0.2398408489753078,0.0
167,0.1595224865343203,0.4303192690792112,0.7126099919751283,0.4299756208829919,0.2398408489753078,0.0
168,0.4303192690792112,0.7126099919751283,0.4299756208829919,0.2398408489753078,0.7278893756875959,0.0
169,0.7126099919751283,0.4299756208829919,0.2398408489753078,0.7278893756875959,1.3015356173372572,0.0
170,0.4299756208829919,0.2398408489753078,0.7278893756875959,1.3015356173372572,1.0540740672022777,0.0
171,0.4299756208829919,0.2398408489753078,0.7278893756875959,1.3015356173372572,1.0540740672022777,0.0
172,0.2398408489753078,0.7278893756875959,1.3015356173372572,1.0540740672022777,1.2098735577654551,0.0
173,0.7278893756875959,1.3015356173372572,1.0540740672022777,1.2098735577654551,1.7254174859786398,0.0
174,1.3015356173372572,1.0540740672022777,1.2098735577654551,1.7254174859786398,1.3577963790697334,0.0
175,1.0540740672022777,1.2098735577654551,1.7254174859786398,1.3577963790697334,0.8381007478387748,0.0
176,1.2098735577654551,1.7254174859786398,1.3577963790697334,0.8381007478387748,0.7575278610787484,0.0
177,1.7254174859786398,1.3577963790697334,0.8381007478387748,0.7575278610787484,0.426876369074205,0.0
178,1.3577963790697334,0.8381007478387748,0.7575278610787484,0.426876369074205,0.3332136056846657,0.0
179,0.8381007478387748,0.7575278610787484,0.426876369074205,0.3332136056846657,0.3396829850784799,1.0
180,0.7575278610787484,0.426876369074205,0.3332136056846657,0.3396829850784799,0.3794665618767157,1.0
181,0.426876369074205,0.3332136056846657,0.3396829850784799,0.3794665618767157,0.4051406348172337,0.0
182,0.3396829850784799,0.3794665618767157,0.4051406348172337,0.4943192184025369,0.726816772674197,0.0
183,0.3794665618767157,0.4051406348172337,0.4943192184025369,0.726816772674197,1.0033673421094091,0.0
184,0.4051406348172337,0.4943192184025369,0.726816772674197,1.0033673421094091,1.0419084488032038,0.0
185,0.4943192184025369,0.726816772674197,1.0033673421094091,1.0419084488032038,0.8491733293204407,0.0
186,0.4943192184025369,0.726816772674197,1.0033673421094091,1.0419084488032038,0.8491733293204407,0.0
187,0.726816772674197,1.0033673421094091,1.0419084488032038,0.8491733293204407,0.3913762294679568,0.0
188,1.0033673421094091,1.0419084488032038,0.8491733293204407,0.3913762294679568,0.2085867603008928,0.0
189,1.0419084488032038,0.8491733293204407,0.3913762294679568,0.2085867603008928,0.4406158222842338,0.0
190,0.8491733293204407,0.3913762294679568,0.2085867603008928,0.4406158222842338,1.1243942898775572,0.0
191,0.3913762294679568,0.2085867603008928,0.4406158222842338,1.1243942898775572,2.123211679154986,0.0
192,0.2085867603008928,0.4406158222842338,1.1243942898775572,2.123211679154986,2.4326561165890803,0.0
193,0.4406158222842338,1.1243942898775572,2.123211679154986,2.4326561165890803,2.1210726642491817,0.0
194,1.1243942898775572,2.123211679154986,2.4326561165890803,2.1210726642491817,1.168019689814752,0.0
195,2.123211679154986,2.4326561165890803,2.1210726642491817,1.168019689814752,0.9230968032215614,0.0
196,2.123211679154986,2.4326561165890803,2.1210726642491817,1.168019689814752,0.9230968032215614,0.0
197,2.4326561165890803,2.1210726642491817,1.168019689814752,0.9230968032215614,1.1448904106000235,0.0
198,1.168019689814752,0.9230968032215614,1.1448904106000235,1.2987530151323456,0.9620778794125372,0.0
199,0.9230968032215614,1.1448904106000235,1.2987530151323456,0.9620778794125372,0.7743324486000613,0.0
200,1.1448904106000235,1.2987530151323456,0.9620778794125372,0.7743324486000613,0.6119934089201795,0.0
201,1.2987530151323456,0.9620778794125372,0.7743324486000613,0.6119934089201795,0.7657087263473272,0.0
202,0.9620778794125372,0.7743324486000613,0.6119934089201795,0.7657087263473272,0.8179349225211485,1.0
203,0.7743324486000613,0.6119934089201795,0.7657087263473272,0.8179349225211485,0.5854345910773073,1.0
204,0.6119934089201795,0.7657087263473272,0.8179349225211485,0.5854345910773073,0.3824457490045851,1.0
205,0.7657087263473272,0.8179349225211485,0.5854345910773073,0.3824457490045851,0.1693932100378559,1.0
206,0.8179349225211485,0.5854345910773073,0.3824457490045851,0.1693932100378559,0.0746987139912436,1.0
207,0.5854345910773073,0.3824457490045851,0.1693932100378559,0.0746987139912436,0.2359198904021697,1.0
208,0.3824457490045851,0.1693932100378559,0.0746987139912436,0.2359198904021697,0.5993696828772288,1.0
209,0.0746987139912436,0.2359198904021697,0.5993696828772288,0.934486727188264,0.925600036517018,1.0
210,0.0746987139912436,0.2359198904021697,0.5993696828772288,0.934486727188264,0.925600036517018,1.0
211,0.2359198904021697,0.5993696828772288,0.934486727188264,0.925600036517018,0.5108917779756172,1.0
212,0.5993696828772288,0.934486727188264,0.925600036517018,0.5108917779756172,0.4579378741088957,1.0
213,0.934486727188264,0.925600036517018,0.5108917779756172,0.4579378741088957,0.5814094266704917,1.0
214,0.5108917779756172,0.4579378741088957,0.5814094266704917,0.5988271766306985,0.5049378510364866,1.0
215,0.4579378741088957,0.5814094266704917,0.5988271766306985,0.5049378510364866,0.4186725909036815,1.0
216,0.5049378510364866,0.4186725909036815,0.2398822122625388,0.0834612847526861,0.1619581785264179,1.0
217,0.4186725909036815,0.2398822122625388,0.0834612847526861,0.1619581785264179,0.5644312692879927,1.0
218,0.2398822122625388,0.0834612847526861,0.1619581785264179,0.5644312692879927,0.7883850723981478,1.0
219,0.2398822122625388,0.0834612847526861,0.1619581785264179,0.5644312692879927,0.7883850723981478,0.0
220,0.0834612847526861,0.1619581785264179,0.5644312692879927,0.7883850723981478,0.6838272875455997,0.0
221,0.5644312692879927,0.7883850723981478,0.6838272875455997,0.4224528260040561,0.4219829055067503,0.0
222,0.5644312692879927,0.7883850723981478,0.6838272875455997,0.4224528260040561,0.4219829055067503,0.0
223,0.7883850723981478,0.6838272875455997,0.4224528260040561,0.4219829055067503,0.9419215276125036,0.0
224,0.6838272875455997,0.4224528260040561,0.4219829055067503,0.9419215276125036,1.6149760843090322,0.0
225,0.6838272875455997,0.4224528260040561,0.4219829055067503,0.9419215276125036,1.6149760843090322,0.0
226,0.4224528260040561,0.4219829055067503,0.9419215276125036,1.6149760843090322,2.1683446597927825,0.0
227,0.4219829055067503,0.9419215276125036,1.6149760843090322,2.1683446597927825,2.0094075764178987,0.0
228,0.9419215276125036,1.6149760843090322,2.1683446597927825,2.0094075764178987,2.17376165382746,0.0
229,0.9419215276125036,1.6149760843090322,2.1683446597927825,2.0094075764178987,2.17376165382746,0.0
230,1.6149760843090322,2.1683446597927825,2.0094075764178987,2.17376165382746,1.712741913145095,0.0
231,2.1683446597927825,2.0094075764178987,2.17376165382746,1.712741913145095,1.365033971205194,0.0
232,2.0094075764178987,2.17376165382746,1.712741913145095,1.365033971205194,0.6717872996894059,0.0
233,1.712741913145095,1.365033971205194,0.6717872996894059,0.0413306224347653,0.0306492212892495,0.0
234,1.365033971205194,0.6717872996894059,0.0413306224347653,0.0306492212892495,0.5520591653335627,0.0
235,0.6717872996894059,0.0413306224347653,0.0306492212892495,0.5520591653335627,0.6793307495023493,0.0
236,0.0413306224347653,0.0306492212892495,0.5520591653335627,0.6793307495023493,0.4673668245880424,1.0
237,0.0306492212892495,0.5520591653335627,0.6793307495023493,0.4673668245880424,0.2910793207135498,1.0
238,0.0306492212892495,0.5520591653335627,0.6793307495023493,0.4673668245880424,0.2910793207135498,1.0
239,0.5520591653335627,0.6793307495023493,0.4673668245880424,0.2910793207135498,0.1847113617722673,1.0
240,0.4673668245880424,0.2910793207135498,0.1847113617722673,0.4123470262312123,0.5993871632454928,1.0
241,0.2910793207135498,0.1847113617722673,0.4123470262312123,0.5993871632454928,0.4599054459518203,1.0
242,0.2910793207135498,0.1847113617722673,0.4123470262312123,0.5993871632454928,0.4599054459518203,1.0
243,0.1847113617722673,0.4123470262312123,0.5993871632454928,0.4599054459518203,0.3385860316119515,1.0
244,0.4123470262312123,0.5993871632454928,0.4599054459518203,0.3385860316119515,0.3497274421063423,1.0
245,0.5993871632454928,0.4599054459518203,0.3385860316119515,0.3497274421063423,0.3782513953225663,1.0
246,0.3385860316119515,0.3497274421063423,0.3782513953225663,0.3925352174459728,0.4715000221594945,1.0
247,0.3497274421063423,0.3782513953225663,0.3925352174459728,0.4715000221594945,0.4288685478897314,0.0
248,0.3782513953225663,0.3925352174459728,0.4715000221594945,0.4288685478897314,0.5544678236093725,0.0
249,0.3782513953225663,0.3925352174459728,0.4715000221594945,0.4288685478897314,0.5544678236093725,0.0
250,0.3925352174459728,0.4715000221594945,0.4288685478897314,0.5544678236093725,1.1244839561757836,0.0
251,0.4715000221594945,0.4288685478897314,0.5544678236093725,1.1244839561757836,1.8027604244479267,0.0
252,0.4288685478897314,0.5544678236093725,1.1244839561757836,1.8027604244479267,1.95795281473858,0.0
253,0.5544678236093725,1.1244839561757836,1.8027604244479267,1.95795281473858,1.6894240331652188,0.0
254,1.95795281473858,1.6894240331652188,0.7076957743974255,0.5406060029511606,0.5887067326776307,0.0
255,1.6894240331652188,0.7076957743974255,0.5406060029511606,0.5887067326776307,1.2039074793787297,0.0
256,0.7076957743974255,0.5406060029511606,0.5887067326776307,1.2039074793787297,1.2103095828332044,0.0
257,0.5406060029511606,0.5887067326776307,1.2039074793787297,1.2103095828332044,0.7809826016147792,0.0
258,0.5887067326776307,1.2039074793787297,1.2103095828332044,0.7809826016147792,0.7593324641570209,0.0
259,0.5887067326776307,1.2039074793787297,1.2103095828332044,0.7809826016147792,0.7593324641570209,0.0
260,1.2039074793787297,1.2103095828332044,0.7809826016147792,0.7593324641570209,0.9609400196697092,0.0
261,1.2103095828332044,0.7809826016147792,0.7593324641570209,0.9609400196697092,0.9785097688082312,0.0
262,0.7809826016147792,0.7593324641570209,0.9609400196697092,0.9785097688082312,0.6721542249087875,0.0
263,0.7593324641570209,0.9609400196697092,0.9785097688082312,0.6721542249087875,0.4691167140765451,1.0
264,0.9609400196697092,0.9785097688082312,0.6721542249087875,0.4691167140765451,0.7746327351294058,1.0
265,0.9785097688082312,0.6721542249087875,0.4691167140765451,0.7746327351294058,0.8391040012336415,1.0
266,0.6721542249087875,0.4691167140765451,0.7746327351294058,0.8391040012336415,0.8185258770642978,1.0
267,0.4691167140765451,0.7746327351294058,0.8391040012336415,0.8185258770642978,0.8446583262291796,1.0
268,0.4691167140765451,0.7746327351294058,0.8391040012336415,0.8185258770642978,0.8446583262291796,1.0
269,0.7746327351294058,0.8391040012336415,0.8185258770642978,0.8446583262291796,0.8004704048675393,1.0
270,0.8391040012336415,0.8185258770642978,0.8446583262291796,0.8004704048675393,0.6944619019224385,0.0
271,0.8185258770642978,0.8446583262291796,0.8004704048675393,0.6944619019224385,0.4950384460170287,0.0
272,0.8446583262291796,0.8004704048675393,0.6944619019224385,0.4950384460170287,0.5886629051098335,0.0
273,0.8004704048675393,0.6944619019224385,0.4950384460170287,0.5886629051098335,1.0130337086566763,0.0
274,0.6944619019224385,0.4950384460170287,0.5886629051098335,1.0130337086566763,1.447708502418732,0.0
275,0.4950384460170287,0.5886629051098335,1.0130337086566763,1.447708502418732,1.4609550151961417,0.0
276,0.5886629051098335,1.0130337086566763,1.447708502418732,1.4609550151961417,1.287980912664306,0.0
277,1.0130337086566763,1.447708502418732,1.4609550151961417,1.287980912664306,1.3953509205494274,0.0
278,1.447708502418732,1.4609550151961417,1.287980912664306,1.3953509205494274,1.1839958085909386,0.0
279,1.4609550151961417,1.287980912664306,1.3953509205494274,1.1839958085909386,0.8587242494591196,0.0
280,1.3953509205494274,1.1839958085909386,0.8587242494591196,0.3196429667978417,0.1424645773352395,0.0
281,1.1839958085909386,0.8587242494591196,0.3196429667978417,0.1424645773352395,0.3864293130256557,0.0
282,0.8587242494591196,0.3196429667978417,0.1424645773352395,0.3864293130256557,0.6128446911178109,0.0
283,0.3196429667978417,0.1424645773352395,0.3864293130256557,0.6128446911178109,0.6268487510475973,0.0
284,0.1424645773352395,0.3864293130256557,0.6128446911178109,0.6268487510475973,0.4969542929896953,0.0
285,0.1424645773352395,0.3864293130256557,0.6128446911178109,0.6268487510475973,0.4969542929896953,0.0
286,0.3864293130256557,0.6128446911178109,0.6268487510475973,0.4969542929896953,0.7855912709775215,0.0
287,0.6128446911178109,0.6268487510475973,0.4969542929896953,0.7855912709775215,1.170832479044992,0.0
288,0.6268487510475973,0.4969542929896953,0.7855912709775215,1.170832479044992,1.0127428697775942,0.0
289,0.4969542929896953,0.7855912709775215,1.170832479044992,1.0127428697775942,0.6195563979125174,0.0
290,1.170832479044992,1.0127428697775942,0.6195563979125174,0.1274187904565593,0.0212939422439983,0.0
291,1.0127428697775942,0.6195563979125174,0.1274187904565593,0.0212939422439983,0.3422728480237946,0.0
292,0.6195563979125174,0.1274187904565593,0.0212939422439983,0.3422728480237946,0.4131651339823117,0.0
293,0.1274187904565593,0.0212939422439983,0.3422728480237946,0.4131651339823117,0.3668691788732925,0.0
294,0.4131651339823117,0.3668691788732925,0.1125379977058038,0.113365352820276,0.6664766557325619,0.0
295,0.4131651339823117,0.3668691788732925,0.1125379977058038,0.113365352820276,0.6664766557325619,0.0
296,0.3668691788732925,0.1125379977058038,0.113365352820276,0.6664766557325619,1.0844164448100724,0.0
297,0.1125379977058038,0.113365352820276,0.6664766557325619,1.0844164448100724,1.3817623673793245,0.0
298,0.113365352820276,0.6664766557325619,1.0844164448100724,1.3817623673793245,1.2950341577474234,0.0
299,0.113365352820276,0.6664766557325619,1.0844164448100724,1.3817623673793245,1.2950341577474234,0.0
300,0.113365352820276,0.6664766557325619,1.0844164448100724,1.3817623673793245,1.2950341577474234,0.0
301,0.6664766557325619,1.0844164448100724,1.3817623673793245,1.2950341577474234,1.1667574875814246,0.0
302,1.0844164448100724,1.3817623673793245,1.2950341577474234,1.1667574875814246,0.9860427569614628,0.0
303,1.3817623673793245,1.2950341577474234,1.1667574875814246,0.9860427569614628,1.0902413912051756,0.0
304,1.2950341577474234,1.1667574875814246,0.9860427569614628,1.0902413912051756,1.563922753240563,0.0
305,1.1667574875814246,0.9860427569614628,1.0902413912051756,1.563922753240563,1.3399179166347075,0.0
306,0.9860427569614628,1.0902413912051756,1.563922753240563,1.3399179166347075,1.3178776698877304,0.0
307,1.0902413912051756,1.563922753240563,1.3399179166347075,1.3178776698877304,2.3794661742608625,0.0
308,1.563922753240563,1.3399179166347075,1.3178776698877304,2.3794661742608625,2.311472213831092,0.0
309,1.3399179166347075,1.3178776698877304,2.3794661742608625,2.311472213831092,2.112684786611081,0.0
310,1.3178776698877304,2.3794661742608625,2.311472213831092,2.112684786611081,1.6698503299163292,0.0
311,2.3794661742608625,2.311472213831092,2.112684786611081,1.6698503299163292,1.5442821126912645,0.0
312,2.311472213831092,2.112684786611081,1.6698503299163292,1.5442821126912645,1.1911398161843811,0.0
313,2.112684786611081,1.6698503299163292,1.5442821126912645,1.1911398161843811,0.966039343275229,0.0
314,1.6698503299163292,1.5442821126912645,1.1911398161843811,0.966039343275229,0.8552427111740757,0.0
315,1.5442821126912645,1.1911398161843811,0.966039343275229,0.8552427111740757,0.8400135092557104,0.0
316,1.1911398161843811,0.966039343275229,0.8552427111740757,0.8400135092557104,1.0231555321461183,0.0
317,0.8552427111740757,0.8400135092557104,1.0231555321461183,1.1818941713570563,0.950125331843843,0.0
318,0.8400135092557104,1.0231555321461183,1.1818941713570563,0.950125331843843,0.615562967235519,0.0
319,1.0231555321461183,1.1818941713570563,0.950125331843843,0.615562967235519,0.6718181380743005,0.0
320,1.1818941713570563,0.950125331843843,0.615562967235519,0.6718181380743005,1.0737303522323094,0.0
321,0.950125331843843,0.615562967235519,0.6718181380743005,1.0737303522323094,1.1579659367567308,0.0
322,0.615562967235519,0.6718181380743005,1.0737303522323094,1.1579659367567308,0.953423392567232,0.0
323,0.6718181380743005,1.0737303522323094,1.1579659367567308,0.953423392567232,0.3340613980417606,0.0
324,0.6718181380743005,1.0737303522323094,1.1579659367567308,0.953423392567232,0.3340613980417606,0.0
325,1.0737303522323094,1.1579659367567308,0.953423392567232,0.3340613980417606,0.2021387238388472,0.0
326,1.1579659367567308,0.953423392567232,0.3340613980417606,0.2021387238388472,0.1689954377646163,0.0
327,0.953423392567232,0.3340613980417606,0.2021387238388472,0.1689954377646163,0.3149276386702393,1.0
328,0.1689954377646163,0.3149276386702393,0.2357855544298193,0.1567747563122878,0.1593937170705528,1.0
329,0.3149276386702393,0.2357855544298193,0.1567747563122878,0.1593937170705528,0.3204233256643407,0.0
330,0.2357855544298193,0.1567747563122878,0.1593937170705528,0.3204233256643407,0.1841973431310162,0.0
331,0.1567747563122878,0.1593937170705528,0.3204233256643407,0.1841973431310162,0.0108518484609376,0.0
332,0.3204233256643407,0.1841973431310162,0.0108518484609376,0.5068834155494129,1.2755175638640726,0.0
333,0.3204233256643407,0.1841973431310162,0.0108518484609376,0.5068834155494129,1.2755175638640726,0.0
334,0.3204233256643407,0.1841973431310162,0.0108518484609376,0.5068834155494129,1.2755175638640726,0.0
335,0.1841973431310162,0.0108518484609376,0.5068834155494129,1.2755175638640726,1.738202919213112,0.0
336,0.0108518484609376,0.5068834155494129,1.2755175638640726,1.738202919213112,1.86416612670854,0.0
337,0.5068834155494129,1.2755175638640726,1.738202919213112,1.86416612670854,1.2132192525868568,0.0
338,0.5068834155494129,1.2755175638640726,1.738202919213112,1.86416612670854,1.2132192525868568,0.0
339,1.2755175638640726,1.738202919213112,1.86416612670854,1.2132192525868568,0.5574607256650266,0.0
340,1.738202919213112,1.86416612670854,1.2132192525868568,0.5574607256650266,0.0719784714129412,0.0
341,1.2132192525868568,0.5574607256650266,0.0719784714129412,0.0368115544859959,0.451974456429669,0.0
342,0.5574607256650266,0.0719784714129412,0.0368115544859959,0.451974456429669,0.7460600075553581,0.0
343,0.0719784714129412,0.0368115544859959,0.451974456429669,0.7460600075553581,0.7636350873398712,1.0
344,0.0368115544859959,0.451974456429669,0.7460600075553581,0.7636350873398712,0.6897500700397874,0.0
345,0.451974456429669,0.7460600075553581,0.7636350873398712,0.6897500700397874,0.6986316814903359,0.0
346,0.451974456429669,0.7460600075553581,0.7636350873398712,0.6897500700397874,0.6986316814903359,0.0
347,0.7460600075553581,0.7636350873398712,0.6897500700397874,0.6986316814903359,0.6947151198953261,0.0
348,0.7636350873398712,0.6897500700397874,0.6986316814903359,0.6947151198953261,1.0735399525929878,0.0
349,0.6897500700397874,0.6986316814903359,0.6947151198953261,1.0735399525929878,1.1949650505388476,0.0
350,0.6986316814903359,0.6947151198953261,1.0735399525929878,1.1949650505388476,0.9923806062668916,0.0
351,0.6947151198953261,1.0735399525929878,1.1949650505388476,0.9923806062668916,0.7074738281031268,0.0
352,1.1949650505388476,0.9923806062668916,0.7074738281031268,0.5662416380774848,0.0851125093789706,0.0
353,0.9923806062668916,0.7074738281031268,0.5662416380774848,0.0851125093789706,0.0906650786308516,0.0
354,0.7074738281031268,0.5662416380774848,0.0851125093789706,0.0906650786308516,0.6962674535928137,0.0
355,0.0851125093789706,0.0906650786308516,0.6962674535928137,1.1117341170323811,0.8720038085292181,0.0
356,0.0906650786308516,0.6962674535928137,1.1117341170323811,0.8720038085292181,0.4211827222871633,0.0
357,0.0906650786308516,0.6962674535928137,1.1117341170323811,0.8720038085292181,0.4211827222871633,0.0
358,0.0906650786308516,0.6962674535928137,1.1117341170323811,0.8720038085292181,0.4211827222871633,0.0
359,0.6962674535928137,1.1117341170323811,0.8720038085292181,0.4211827222871633,0.2668727312563401,0.0
360,1.1117341170323811,0.8720038085292181,0.4211827222871633,0.2668727312563401,0.8515435624568157,0.0
361,0.8720038085292181,0.4211827222871633,0.2668727312563401,0.8515435624568157,1.1950496496345764,0.0
362,0.4211827222871633,0.2668727312563401,0.8515435624568157,1.1950496496345764,1.1571485652131797,0.0
363,0.2668727312563401,0.8515435624568157,1.1950496496345764,1.1571485652131797,1.0448532795697307,0.0
364,0.8515435624568157,1.1950496496345764,1.1571485652131797,1.0448532795697307,0.8303275393027487,0.0
365,1.1950496496345764,1.1571485652131797,1.0448532795697307,0.8303275393027487,0.4531286375032506,0.0
366,1.1950496496345764,1.1571485652131797,1.0448532795697307,0.8303275393027487,0.4531286375032506,0.0
367,1.1571485652131797,1.0448532795697307,0.8303275393027487,0.4531286375032506,0.3596890606037828,0.0
368,1.0448532795697307,0.8303275393027487,0.4531286375032506,0.3596890606037828,0.5867344268719954,1.0
369,0.8303275393027487,0.4531286375032506,0.3596890606037828,0.5867344268719954,0.9393612016932362,1.0
370,0.5867344268719954,0.9393612016932362,0.7369188486933576,0.1772641632694149,0.1592963553730086,0.0
371,0.7369188486933576,0.1772641632694149,0.1592963553730086,0.4132702364864382,0.8137930336126775,0.0
372,0.1772641632694149,0.1592963553730086,0.4132702364864382,0.8137930336126775,1.0128319842706237,0.0
373,0.1592963553730086,0.4132702364864382,0.8137930336126775,1.0128319842706237,1.1604071964728613,0.0
374,0.4132702364864382,0.8137930336126775,1.0128319842706237,1.1604071964728613,1.476740276489097,0.0
375,0.4132702364864382,0.8137930336126775,1.0128319842706237,1.1604071964728613,1.476740276489097,0.0
376,0.8137930336126775,1.0128319842706237,1.1604071964728613,1.476740276489097,1.6490857450013996,0.0
377,1.0128319842706237,1.1604071964728613,1.476740276489097,1.6490857450013996,1.310607707618372,0.0
378,1.1604071964728613,1.476740276489097,1.6490857450013996,1.310607707618372,0.9850975357832636,0.0
379,1.1604071964728613,1.476740276489097,1.6490857450013996,1.310607707618372,0.9850975357832636,0.0
380,1.476740276489097,1.6490857450013996,1.310607707618372,0.9850975357832636,0.9290967254538884,0.0
381,1.6490857450013996,1.310607707618372,0.9850975357832636,0.9290967254538884,0.958073768896286,0.0
382,1.310607707618372,0.9850975357832636,0.9290967254538884,0.958073768896286,1.073232065513725,0.0
383,0.9850975357832636,0.9290967254538884,0.958073768896286,1.073232065513725,0.8093146960274344,0.0
384,0.9290967254538884,0.958073768896286,1.073232065513725,0.8093146960274344,0.3541518270096455,0.0
385,0.958073768896286,1.073232065513725,0.8093146960274344,0.3541518270096455,0.3475134208084318,0.0
386,0.958073768896286,1.073232065513725,0.8093146960274344,0.3541518270096455,0.3475134208084318,0.0
387,1.073232065513725,0.8093146960274344,0.3541518270096455,0.3475134208084318,0.1692535834467445,1.0
388,0.3541518270096455,0.3475134208084318,0.1692535834467445,0.3095168489274602,0.4593782577604921,1.0
389,0.1692535834467445,0.3095168489274602,0.4593782577604921,0.5333078711962491,0.3158090050888695,0.0
390,0.4593782577604921,0.5333078711962491,0.3158090050888695,0.332939192412951,0.815062278355958,0.0
391,0.4593782577604921,0.5333078711962491,0.3158090050888695,0.332939192412951,0.815062278355958,0.0
392,0.5333078711962491,0.3158090050888695,0.332939192412951,0.815062278355958,1.3480010844006118,0.0
393,0.3158090050888695,0.332939192412951,0.815062278355958,1.3480010844006118,1.4922324666099571,0.0
394,0.332939192412951,0.815062278355958,1.3480010844006118,1.4922324666099571,0.9806780887919152,0.0
395,0.815062278355958,1.3480010844006118,1.4922324666099571,0.9806780887919152,0.276684537387486,0.0
396,1.3480010844006118,1.4922324666099571,0.9806780887919152,0.276684537387486,0.5208739612981184,0.0
397,1.4922324666099571,0.9806780887919152,0.276684537387486,0.5208739612981184,1.230548867444572,0.0
398,0.9806780887919152,0.276684537387486,0.5208739612981184,1.230548867444572,1.6401059979426602,0.0
399,0.276684537387486,0.5208739612981184,1.230548867444572,1.6401059979426602,1.804377327064968,0.0
400,0.5208739612981184,1.230548867444572,1.6401059979426602,1.804377327064968,1.8617917692610808,0.0
401,0.5208739612981184,1.230548867444572,1.6401059979426602,1.804377327064968,1.8617917692610808,0.0
402,1.230548867444572,1.6401059979426602,1.804377327064968,1.8617917692610808,1.436059275691135,0.0
403,1.6401059979426602,1.804377327064968,1.8617917692610808,1.436059275691135,1.0925156161481864,0.0
404,1.804377327064968,1.8617917692610808,1.436059275691135,1.0925156161481864,1.275278777958735,0.0
405,1.8617917692610808,1.436059275691135,1.0925156161481864,1.275278777958735,1.294196949755988,0.0
406,1.436059275691135,1.0925156161481864,1.275278777958735,1.294196949755988,1.0523853178895417,0.0
407,1.0925156161481864,1.275278777958735,1.294196949755988,1.0523853178895417,0.6930895424736683,0.0
408,1.275278777958735,1.294196949755988,1.0523853178895417,0.6930895424736683,0.8843706365525517,0.0
409,1.294196949755988,1.0523853178895417,0.6930895424736683,0.8843706365525517,0.8020149361572848,0.0
410,1.0523853178895417,0.6930895424736683,0.8843706365525517,0.8020149361572848,0.4840870042911449,0.0
411,0.8020149361572848,0.4840870042911449,0.1456055031106551,0.097091819556816,0.1491091142200584,0.0
412,0.4840870042911449,0.1456055031106551,0.097091819556816,0.1491091142200584,0.5776655153443588,0.0
413,0.1456055031106551,0.097091819556816,0.1491091142200584,0.5776655153443588,0.8826084158353131,0.0
414,0.097091819556816,0.1491091142200584,0.5776655153443588,0.8826084158353131,1.0160449196787713,0.0
415,0.1491091142200584,0.5776655153443588,0.8826084158353131,1.0160449196787713,1.1285635307946196,0.0
416,0.1491091142200584,0.5776655153443588,0.8826084158353131,1.0160449196787713,1.1285635307946196,0.0
417,0.5776655153443588,0.8826084158353131,1.0160449196787713,1.1285635307946196,0.7734057530687766,0.0
418,0.8826084158353131,1.0160449196787713,1.1285635307946196,0.7734057530687766,0.6310617790387729,0.0
419,1.0160449196787713,1.1285635307946196,0.7734057530687766,0.6310617790387729,0.9334107335310816,0.0
420,1.1285635307946196,0.7734057530687766,0.6310617790387729,0.9334107335310816,1.251232227958563,0.0
421,0.7734057530687766,0.6310617790387729,0.9334107335310816,1.251232227958563,1.3812662889977956,0.0
422,0.6310617790387729,0.9334107335310816,1.251232227958563,1.3812662889977956,1.228874813566514,0.0
423,0.6310617790387729,0.9334107335310816,1.251232227958563,1.3812662889977956,1.228874813566514,0.0
424,0.9334107335310816,1.251232227958563,1.3812662889977956,1.228874813566514,1.3260922033563682,0.0
425,1.251232227958563,1.3812662889977956,1.228874813566514,1.3260922033563682,1.3844652883070951,0.0
426,1.3812662889977956,1.228874813566514,1.3260922033563682,1.3844652883070951,0.9115908514239646,0.0
427,1.3260922033563682,1.3844652883070951,0.9115908514239646,0.3898693455049606,0.1673332467501298,0.0
428,1.3844652883070951,0.9115908514239646,0.3898693455049606,0.1673332467501298,0.2486773822354893,0.0
429,1.3844652883070951,0.9115908514239646,0.3898693455049606,0.1673332467501298,0.2486773822354893,0.0
430,0.9115908514239646,0.3898693455049606,0.1673332467501298,0.2486773822354893,0.4105644155689436,0.0
431,0.3898693455049606,0.1673332467501298,0.2486773822354893,0.4105644155689436,1.0178597139567014,0.0
432,0.1673332467501298,0.2486773822354893,0.4105644155689436,1.0178597139567014,1.064135993138242,0.0
433,0.2486773822354893,0.4105644155689436,1.0178597139567014,1.064135993138242,0.6288646996673597,0.0
434,1.0178597139567014,1.064135993138242,0.6288646996673597,0.2647237412070691,0.5277241014872924,0.0
435,0.6288646996673597,0.2647237412070691,0.5277241014872924,0.8495479768527625,0.8206093431487593,0.0
436,0.6288646996673597,0.2647237412070691,0.5277241014872924,0.8495479768527625,0.8206093431487593,0.0
437,0.2647237412070691,0.5277241014872924,0.8495479768527625,0.8206093431487593,0.7174531413661489,1.0
438,0.5277241014872924,0.8495479768527625,0.8206093431487593,0.7174531413661489,0.4608082963888993,1.0
439,0.5277241014872924,0.8495479768527625,0.8206093431487593,0.7174531413661489,0.4608082963888993,1.0
440,0.8495479768527625,0.8206093431487593,0.7174531413661489,0.4608082963888993,0.601729906444679,1.0
441,0.8206093431487593,0.7174531413661489,0.4608082963888993,0.601729906444679,0.9722768652755942,1.0
442,0.7174531413661489,0.4608082963888993,0.601729906444679,0.9722768652755942,0.9276832067343932,1.0
443,0.4608082963888993,0.601729906444679,0.9722768652755942,0.9276832067343932,0.7991390995394188,1.0
444,0.601729906444679,0.9722768652755942,0.9276832067343932,0.7991390995394188,0.7441295424360783,1.0
445,0.9276832067343932,0.7991390995394188,0.7441295424360783,0.6900842937910134,0.2394376546161458,1.0
446,0.7991390995394188,0.7441295424360783,0.6900842937910134,0.2394376546161458,0.090198425933039,1.0
447,0.7441295424360783,0.6900842937910134,0.2394376546161458,0.090198425933039,0.4159752020799434,1.0
448,0.2394376546161458,0.090198425933039,0.4159752020799434,0.9233692637536884,0.7257116208601255,1.0
449,0.090198425933039,0.4159752020799434,0.9233692637536884,0.7257116208601255,0.1639693006806952,1.0
450,0.4159752020799434,0.9233692637536884,0.7257116208601255,0.1639693006806952,0.0021546910300918,1.0
451,0.9233692637536884,0.7257116208601255,0.1639693006806952,0.0021546910300918,0.2755912824301898,1.0
452,0.7257116208601255,0.1639693006806952,0.0021546910300918,0.2755912824301898,0.3433995126287392,1.0
453,0.7257116208601255,0.1639693006806952,0.0021546910300918,0.2755912824301898,0.3433995126287392,0.0
454,0.1639693006806952,0.0021546910300918,0.2755912824301898,0.3433995126287392,0.4302759831197944,0.0
455,0.0021546910300918,0.2755912824301898,0.3433995126287392,0.4302759831197944,0.9916860870217326,0.0
456,0.0021546910300918,0.2755912824301898,0.3433995126287392,0.4302759831197944,0.9916860870217326,0.0
457,0.2755912824301898,0.3433995126287392,0.4302759831197944,0.9916860870217326,1.5079592810151787,0.0
458,0.3433995126287392,0.4302759831197944,0.9916860870217326,1.5079592810151787,1.8716204597040509,0.0
459,0.4302759831197944,0.9916860870217326,1.5079592810151787,1.8716204597040509,2.3150112037684734,0.0
460,0.9916860870217326,1.5079592810151787,1.8716204597040509,2.3150112037684734,1.8168952237107128,0.0
461,1.5079592810151787,1.8716204597040509,2.3150112037684734,1.8168952237107128,1.1527314717600667,0.0
462,1.8716204597040509,2.3150112037684734,1.8168952237107128,1.1527314717600667,0.9004367281273851,0.0
463,2.3150112037684734,1.8168952237107128,1.1527314717600667,0.9004367281273851,1.2750246867752235,0.0
464,1.8168952237107128,1.1527314717600667,0.9004367281273851,1.2750246867752235,1.5829455839280593,0.0
465,1.1527314717600667,0.9004367281273851,1.2750246867752235,1.5829455839280593,1.9626155602027096,0.0
466,0.9004367281273851,1.2750246867752235,1.5829455839280593,1.9626155602027096,1.909751944901803,0.0
467,1.2750246867752235,1.5829455839280593,1.9626155602027096,1.909751944901803,2.109376340914344,0.0
468,1.5829455839280593,1.9626155602027096,1.909751944901803,2.109376340914344,1.6694637350001609,0.0
469,1.9626155602027096,1.909751944901803,2.109376340914344,1.6694637350001609,1.0879374907410977,0.0
470,1.909751944901803,2.109376340914344,1.6694637350001609,1.0879374907410977,0.7049929869933802,0.0
471,2.109376340914344,1.6694637350001609,1.0879374907410977,0.7049929869933802,0.6677573484203769,0.0
472,1.6694637350001609,1.0879374907410977,0.7049929869933802,0.6677573484203769,0.6648581335156267,0.0
473,0.7049929869933802,0.6677573484203769,0.6648581335156267,0.3430198540349405,0.1100759641107451,0.0
474,0.6677573484203769,0.6648581335156267,0.3430198540349405,0.1100759641107451,0.4206229181334686,1.0
475,0.6648581335156267,0.3430198540349405,0.1100759641107451,0.4206229181334686,0.7166663496079773,1.0
476,0.3430198540349405,0.1100759641107451,0.4206229181334686,0.7166663496079773,0.7021529507967283,1.0
477,0.1100759641107451,0.4206229181334686,0.7166663496079773,0.7021529507967283,0.424192796531937,1.0
478,0.4206229181334686,0.7166663496079773,0.7021529507967283,0.424192796531937,0.269045191303503,1.0
479,0.7166663496079773,0.7021529507967283,0.424192796531937,0.269045191303503,0.5804278108651584,1.0
480,0.7021529507967283,0.424192796531937,0.269045191303503,0.5804278108651584,0.8753251286179786,1.0
481,0.424192796531937,0.269045191303503,0.5804278108651584,0.8753251286179786,0.8442458558319421,1.0
482,0.5804278108651584,0.8753251286179786,0.8442458558319421,0.2093856924911419,0.0313129423223035,1.0
483,0.8753251286179786,0.8442458558319421,0.2093856924911419,0.0313129423223035,0.4320312013873639,1.0
484,0.8442458558319421,0.2093856924911419,0.0313129423223035,0.4320312013873639,0.4646031062031275,1.0
485,0.8442458558319421,0.2093856924911419,0.0313129423223035,0.4320312013873639,0.4646031062031275,1.0
486,0.2093856924911419,0.0313129423223035,0.4320312013873639,0.4646031062031275,0.5497046008361206,1.0
487,0.2093856924911419,0.0313129423223035,0.4320312013873639,0.4646031062031275,0.5497046008361206,1.0
488,0.0313129423223035,0.4320312013873639,0.4646031062031275,0.5497046008361206,0.7977063521345684,1.0
489,0.4320312013873639,0.4646031062031275,0.5497046008361206,0.7977063521345684,0.562323738883177,1.0
490,0.4320312013873639,0.4646031062031275,0.5497046008361206,0.7977063521345684,0.562323738883177,1.0
491,0.562323738883177,0.2589413039181343,0.2485763403224705,0.3249282793314378,0.6678201089610036,1.0
492,0.2589413039181343,0.2485763403224705,0.3249282793314378,0.6678201089610036,0.6153928890425142,0.0
493,0.3249282793314378,0.6678201089610036,0.6153928890425142,0.0401269371644774,0.0721504482595092,0.0
494,0.6678201089610036,0.6153928890425142,0.0401269371644774,0.0721504482595092,0.8567864928490332,0.0
495,0.6678201089610036,0.6153928890425142,0.0401269371644774,0.0721504482595092,0.8567864928490332,0.0
496,0.6153928890425142,0.0401269371644774,0.0721504482595092,0.8567864928490332,1.347699635132904,0.0
497,0.0401269371644774,0.0721504482595092,0.8567864928490332,1.347699635132904,1.4808874816570228,0.0
498,0.0721504482595092,0.8567864928490332,1.347699635132904,1.4808874816570228,1.2045115664714825,0.0
499,0.8567864928490332,1.347699635132904,1.4808874816570228,1.2045115664714825,0.7955868014773193,0.0
500,0.8567864928490332,1.347699635132904,1.4808874816570228,1.2045115664714825,0.7955868014773193,0.0
501,1.347699635132904,1.4808874816570228,1.2045115664714825,0.7955868014773193,0.7056735515261758,0.0
502,1.4808874816570228,1.2045115664714825,0.7955868014773193,0.7056735515261758,0.7526451546043411,0.0
503,1.2045115664714825,0.7955868014773193,0.7056735515261758,0.7526451546043411,1.0432876467099828,0.0
504,0.7955868014773193,0.7056735515261758,0.7526451546043411,1.0432876467099828,1.1980570178525785,0.0
505,0.7056735515261758,0.7526451546043411,1.0432876467099828,1.1980570178525785,0.9729070091905268,0.0
506,0.7526451546043411,1.0432876467099828,1.1980570178525785,0.9729070091905268,0.934001263442803,0.0
507,0.7526451546043411,1.0432876467099828,1.1980570178525785,0.9729070091905268,0.934001263442803,0.0
508,1.0432876467099828,1.1980570178525785,0.9729070091905268,0.934001263442803,1.2237421639038182,0.0
509,1.1980570178525785,0.9729070091905268,0.934001263442803,1.2237421639038182,1.9979118238490607,0.0
510,0.9729070091905268,0.934001263442803,1.2237421639038182,1.9979118238490607,2.0014531646093303,0.0
511,0.934001263442803,1.2237421639038182,1.9979118238490607,2.0014531646093303,1.837674250616948,0.0
512,1.2237421639038182,1.9979118238490607,2.0014531646093303,1.837674250616948,1.1415951892913556,0.0
513,1.9979118238490607,2.0014531646093303,1.837674250616948,1.1415951892913556,0.7835653158432709,0.0
514,2.0014531646093303,1.837674250616948,1.1415951892913556,0.7835653158432709,0.5902314653427831,0.0
515,2.0014531646093303,1.837674250616948,1.1415951892913556,0.7835653158432709,0.5902314653427831,0.0
516,1.837674250616948,1.1415951892913556,0.7835653158432709,0.5902314653427831,1.1661981168043931,0.0
517,0.7835653158432709,0.5902314653427831,1.1661981168043931,1.2534154801043007,0.8548520370289481,0.0
518,0.5902314653427831,1.1661981168043931,1.2534154801043007,0.8548520370289481,0.2995494344775817,0.0
519,0.8548520370289481,0.2995494344775817,0.0617371365155783,0.0842009728037673,0.1177111261863617,0.0
520,0.0617371365155783,0.0842009728037673,0.1177111261863617,0.0260953854012191,0.0715561230300787,0.0
521,0.0617371365155783,0.0842009728037673,0.1177111261863617,0.0260953854012191,0.0715561230300787,1.0
522,0.0842009728037673,0.1177111261863617,0.0260953854012191,0.0715561230300787,0.2244552957610324,1.0
